id,name,model_id,group_id/id,operation,domain
access_biziship_bol_wizard,biziship.bol.import.wizard,biziship.bol.import.wizard,base.group_user,crud,
access_biziship_quote,biziship.quote,biziship.quote,base.group_user,crud,
access_biziship_quote_confirm_wizard,biziship.quote.confirm.wizard,biziship.quote.confirm.wizard,base.group_user,crud,
access_biziship_freight_quote_wizard,biziship.freight.quote.wizard,biziship.freight.quote.wizard,base.group_user,crud,
access_biziship_accessorial,biziship.accessorial,biziship.accessorial,base.group_user,crud,
access_biziship_sale_cargo_line,biziship.sale.cargo.line,biziship.sale.cargo.line,base.group_user,crud,
access_biziship_quote_cargo_line,biziship.quote.cargo.line,biziship.quote.cargo.line,base.group_user,crud,
access_biziship_booking_warning_wizard,biziship.booking.warning.wizard,biziship.booking.warning.wizard,base.group_user,crud,
access_biziship_residential_warning_wizard,biziship.residential.warning.wizard,biziship.residential.warning.wizard,base.group_user,crud,
access_biziship_auth_wizard,biziship.auth.wizard,biziship.auth.wizard,base.group_user,crud,
access_biziship_save_freight_wizard,biziship.save.freight.wizard,biziship.save.freight.wizard,base.group_user,crud,
access_biziship_load_freight_wizard,biziship.load.freight.wizard,biziship.load.freight.wizard,base.group_user,crud,
access_biziship_load_freight_line,biziship.load.freight.line,biziship.load.freight.line,base.group_user,crud,
access_biziship_load_freight_filter_user,biziship.load.freight.filter.user,biziship.load.freight.filter.user,base.group_user,crud,
access_biziship_tracking_wizard,biziship.tracking.wizard,biziship.tracking.wizard,base.group_user,crud,
access_biziship_address_history_wizard,biziship.address.history.wizard,biziship.address.history.wizard,base.group_user,crud,
access_biziship_address_history_line,biziship.address.history.line,biziship.address.history.line,base.group_user,crud,
access_biziship_not_connected_wizard,biziship.not.connected.wizard,biziship.not.connected.wizard,base.group_user,crud,
access_biziship_logout_wizard,biziship.logout.wizard,biziship.logout.wizard,base.group_user,crud,
access_biziship_quotes_report_export_wizard,biziship.quotes.report.export.wizard,biziship.quotes.report.export.wizard,base.group_user,crud,
access_biziship_quotes_report_email_wizard,biziship.quotes.report.email.wizard,biziship.quotes.report.email.wizard,base.group_user,crud,
access_biziship_email_quotes_simple_wizard,biziship.email.quotes.simple.wizard,biziship.email.quotes.simple.wizard,base.group_user,crud,
access_biziship_email_quotes_confirm_wizard,biziship.email.quotes.confirm.wizard,biziship.email.quotes.confirm.wizard,base.group_user,crud,
